n_clusters,noise_ratio,silhouette,dbcv,mean_prob,persistence_mean,persistence_median
55,0.3207920792079208,0.3756250739097595,,1.0,0.4821819676412169,0.4689491516213542
