n_clusters,noise_ratio,silhouette,dbcv,mean_prob,persistence_mean,persistence_median
34,0.1971383147853736,0.41443178057670593,,1.0,0.506808633024749,0.5054338018624305
