n_clusters,noise_ratio,silhouette,dbcv,mean_prob,persistence_mean,persistence_median
47,0.2764067127344521,0.45422184467315674,,1.0,0.4219585120781499,0.38565081798304357
