n_clusters,noise_ratio,silhouette,dbcv,mean_prob,persistence_mean,persistence_median
53,0.3333333333333333,0.41555383801460266,,1.0,0.42213967313074213,0.42213967313074213
