n_clusters,noise_ratio,silhouette,dbcv,mean_prob,persistence_mean,persistence_median
36,0.3002754820936639,0.3613932430744171,,1.0,0.1602328808836963,0.10088252689450222
