n_clusters,noise_ratio,silhouette,dbcv,mean_prob,persistence_mean,persistence_median
23,0.28166351606805295,0.5100322365760803,,1.0,0.3138144476445288,0.3138144476445288
