n_clusters,noise_ratio,silhouette,dbcv,mean_prob,persistence_mean,persistence_median
43,0.2858638743455497,0.4095284342765808,,1.0,0.1394784195418729,0.08849809228783939
