n_clusters,noise_ratio,silhouette,dbcv,mean_prob,persistence_mean,persistence_median
34,0.3567708333333333,0.27050232887268066,,1.0,0.17157967023853832,0.16865343409312994
