n_clusters,noise_ratio,silhouette,dbcv,mean_prob,persistence_mean,persistence_median
19,0.18269230769230768,0.3648953437805176,,1.0,0.3733500456265824,0.3733500456265824
