n_clusters,noise_ratio,silhouette,dbcv,mean_prob,persistence_mean,persistence_median
21,0.13445378151260504,0.47048813104629517,,1.0,0.5222869129669258,0.6155534268492802
