n_clusters,noise_ratio,silhouette,dbcv,mean_prob,persistence_mean,persistence_median
16,0.21710526315789475,0.43296384811401367,,1.0,0.5784949248972293,0.5784949248972293
