n_clusters,noise_ratio,silhouette,dbcv,mean_prob,persistence_mean,persistence_median
14,0.22408026755852842,0.3388993442058563,,1.0,0.39997031478939316,0.39997031478939316
