category,silhouette,dbcv,mean_membership_prob,persistence_mean,persistence_median,noise_ratio,n_clusters
"개인정보보호법,정보통신망법",0.6624701023101807,,0.8696866778750012,0.17758469570486776,0.12951126872058566,0.23317040657631638,120
