category,silhouette,dbcv,mean_membership_prob,persistence_mean,persistence_median,noise_ratio,n_clusters
아동복지법,0.6622578501701355,,0.8854943597712732,0.2649867207363948,0.2139571846206753,0.17633487145682267,40
