category,silhouette,dbcv,mean_membership_prob,persistence_mean,persistence_median,noise_ratio,n_clusters
중대재해처벌법,0.6246964931488037,,0.8830495330942559,0.1484940047674843,0.10691538042017881,0.293298895106902,80
