n_clusters,noise_ratio,silhouette,dbcv,mean_prob,persistence_mean,persistence_median
31,0.18265682656826568,0.38914358615875244,,1.0,0.5005323947622321,0.43884356147481357
