n_clusters,noise_ratio,silhouette,dbcv,mean_prob,persistence_mean,persistence_median
24,0.14651162790697675,0.43295612931251526,,1.0,0.4215937741226422,0.3957811272227079
