n_clusters,noise_ratio,silhouette,dbcv,mean_prob,persistence_mean,persistence_median
30,0.26666666666666666,0.4022066593170166,,1.0,0.3696705546157711,0.2979073416163266
