n_clusters,noise_ratio,silhouette,dbcv,mean_prob,persistence_mean,persistence_median
15,0.20408163265306123,0.5002020597457886,,1.0,0.34894315106148,0.34894315106148
